{"list": [{"url": "/zhenhuan", "thumbnail": "https://tv-img.pstatic.net/tv1-pt/20180615_97/HKvSw_1529032640851vkjhS_JPEG/1529032640821.jpg", "title": "\u0e40\u0e08\u0e34\u0e19\u0e2b\u0e27\u0e19 \u0e08\u0e2d\u0e21\u0e19\u0e32\u0e07\u0e04\u0e39\u0e48\u0e41\u0e1c\u0e48\u0e19\u0e14\u0e34\u0e19"}, {"url": "/causeyouaremyboy", "thumbnail": "https://tv-img.pstatic.net/tv1-pt/20180612_152/uP9hH_1528792886301f7Smn_JPEG/1528792886271.jpg", "title": "\u0e2d\u0e32\u0e15\u0e35\u0e4b\u0e02\u0e2d\u0e07\u0e1c\u0e21"}, {"url": "/wakeupchanee", "thumbnail": "https://tv-img.pstatic.net/tv1-pt/20180304_61/buUEU_1520175096004ejfVe_PNG/1520175095976.png", "title": "Wake Up \u0e0a\u0e30\u0e19\u0e35 The Series"}, {"url": "/roupthong", "thumbnail": "https://tv-img.pstatic.net/tv2-pt/20180418_289/5Qc8o_1524048162261PhHsT_JPEG/1524048162229.jpg", "title": "\u0e23\u0e39\u0e1b\u0e17\u0e2d\u0e07"}, {"url": "/thehiddensongs", "thumbnail": "https://tv-img.pstatic.net/tv2-pt/20180405_256/QyekD_15229164168408KdmE_JPEG/1522916416479.jpg", "title": "The Hidden Songs \u0e23\u0e49\u0e2d\u0e07 \u0e40\u0e23\u0e37\u0e48\u0e2d\u0e07 \u0e25\u0e31\u0e1a"}]}