﻿<?xml version="1.0" encoding="UTF-8" standalone="yes"?>
<addon id="plugin.video.Bantheing" name=".oO( ... )" version="1.0.124" provider-name="The yaya Team">
  <requires>
 <import addon="xbmc.python" version="2.1.0"/>
 <import addon="script.module.beautifulsoup4"/>
 <import addon="script.module.requests" version="2.3.0" />
 <import addon="script.module.html5lib" version="0.999.0" />
 <import addon="script.module.urlresolver"/>
  <!--<import addon="script.module.vstream"/>-->
  </requires>
  <extension point="xbmc.python.pluginsource" library="default1.py">
        <provides>video</provides>
  </extension>
  <extension point="xbmc.addon.metadata">
    <summary lang="en">This plugin let you watch .</summary>
    <description lang="en">
    Watch asians series.
	</description>
    <platform>all</platform>
 <language>en</language>
 <disclaimer></disclaimer>
  </extension>
</addon>
