﻿<?xml version="1.0" encoding="UTF-8" standalone="yes"?>
<addon id="plugin.video.Fseries" name="Fseries" version="1.0.1" provider-name="YaYa Team">
  <requires>
 <import addon="xbmc.python" version="2.1.0"/>
 <import addon="script.module.beautifulsoup4"/>
 <import addon="script.module.requests" version="2.3.0" />
 <import addon="script.module.html5lib" version="0.999.0" />
  <import addon="script.module.urlresolver" version="3.0.0"/>
  <import addon="script.module.web-pdb" version="1.0"/>
  </requires>
  <extension point="xbmc.python.pluginsource" library="default.py">
        <provides>video</provides>
  </extension>
  <extension point="xbmc.addon.metadata">
    <summary lang="en">This plugin let you watch kresies daramas.
    </summary>

    <description lang="en">
    Watch Fseries
        v1.0.1 add session with weblogin


	</description>
    <platform>all</platform>
 <language>en</language>
 <disclaimer></disclaimer>
  </extension>
</addon>
